{"fold_5/class_3_f1":0.41379310344827586,"train/accuracy":0.7563694267515924,"fold_5/confusion_matrix_table":{"nrows":289,"sha256":"e5432eef9d90ab1aa14725f671ff31180f9f5a69886a11605dda6b2ed873e07e","_latest_artifact_path":"wandb-client-artifact://zcajfyfrgl4n1hagxrud5mo5d6arf98n7t556qc4hk7tf9inohun3r6cyrzvg2yizdl072svww19zurpmi7a09yivamz41jgfmwd8p650mk2uoz4riv86u9iml2qz3fz:latest/fold_5/confusion_matrix_table.table.json","artifact_path":"wandb-client-artifact://4b6xoteq795k652g39khgmvpe6ecqcpwvymx89fu35z7htvkoo5rypkmoqlouc6ea3tcnqxu9c5xg6qav33my694lkokh1eb9jzyqpwbr5a3vuzn17noug72z5g5joa7/fold_5/confusion_matrix_table.table.json","_type":"table-file","ncols":3,"log_mode":"IMMUTABLE","path":"media/table/fold_5/confusion_matrix_table_26_e5432eef9d90ab1aa147.table.json","size":8697},"_runtime":111,"fold_5/class_7_f1":0.5833333333333334,"fold_5/class_14_f1":0.7,"fold":5,"fold_5/class_1_f1":1,"fold_summary/best_val_f1":0.9127867243164329,"fold_5/class_11_f1":0.975609756097561,"best_performance/val_f1":0.9127867243164329,"fold_summary/epochs_trained":10,"learning_rate":1.2235870926211617e-05,"epoch":10,"fold_5/class_4_f1":0.9047619047619048,"fold_info/fold_number":5,"fold_5/class_0_f1":1,"fold_info/val_samples":314,"_wandb":{"runtime":111},"_step":46,"fold_info/train_samples":1256,"fold_5/class_9_f1":1,"fold_5/train_batch_loss":1.8125,"system/gpu_memory_total_gb":25.435242496,"fold_5/class_5_f1":1,"fold_summary/improvement":0,"fold_5/mixup_applied":1,"fold_5/class_2_f1":1,"_timestamp":1.7569531089280689e+09,"fold_summary/early_stopped":false,"fold_5/class_12_f1":0.9743589743589743,"train/f1":0.7499808456647326,"fold_summary/final_train_f1":0.7499808456647326,"fold_info/train_ratio":0.8,"fold_5/class_16_f1":1,"fold_info/val_ratio":0.2,"best_performance/val_loss":1.1985893845558167,"fold_5/class_15_f1":1,"train/loss":1.3418701171875,"fold_5/class_13_f1":0.9655172413793104,"system/gpu_utilization_pct":1.6967479986395644,"val/f1":0.9127867243164329,"system/gpu_memory_used_gb":0.431571968,"val/accuracy":0.9203821656050956,"fold_5/batch_step":360,"best_performance/val_acc":0.9203821656050956,"val/loss":1.1985893845558167,"fold_5/class_8_f1":1,"fold_5/class_10_f1":1,"optimizer/lr":1.2235870926211617e-05,"best_performance/epoch":10,"fold_5/class_6_f1":1}