{"optimizer/lr":1.2235870926211617e-05,"_wandb":{"runtime":111},"epoch":10,"fold_4/class_12_f1":0.9743589743589743,"fold_4/class_15_f1":1,"best_performance/epoch":10,"fold_4/class_7_f1":0.5142857142857143,"system/gpu_utilization_pct":1.4954142468262945,"fold_info/val_samples":314,"fold_4/class_4_f1":0.8444444444444444,"val/loss":1.2021933197975159,"best_performance/val_loss":1.2021933197975159,"system/gpu_memory_total_gb":25.435242496,"best_performance/val_f1":0.8985923803916364,"fold_4/class_16_f1":1,"_step":48,"fold_4/class_6_f1":1,"fold_info/val_ratio":0.2,"fold_4/class_2_f1":1,"fold_summary/epochs_trained":10,"fold_4/confusion_matrix_table":{"log_mode":"IMMUTABLE","path":"media/table/fold_4/confusion_matrix_table_28_c577760b20e68ccb66f1.table.json","nrows":289,"sha256":"c577760b20e68ccb66f194df9170b3fb33901ce4b8d15b9a81e7b07d18997dc6","size":8695,"ncols":3,"_type":"table-file","artifact_path":"wandb-client-artifact://tkk90kgmykih1tta7wq3af5vm7rfzi6nfrnpklk23qo3w366hqtxulb5efps6a9erj6ku9dcbl3r7hwfkt973bjrrsrsghsgg6nfh6ros28ckzkvf9u6bptcilbu1l45/fold_4/confusion_matrix_table.table.json","_latest_artifact_path":"wandb-client-artifact://twys3k3zwyru2desbknk5n2u9wt7nlw98fvtrixqs0hqd5moljtw4k2dp2roaeqhhslbg24g910hmtvxg8gkjca7vqktdck7v3e4pszfysscq06l2nc5664yfflvuh5b:latest/fold_4/confusion_matrix_table.table.json"},"fold":4,"fold_4/train_batch_loss":1.2333984375,"fold_summary/early_stopped":false,"fold_4/mixup_applied":0,"_runtime":111,"fold_4/class_11_f1":0.9500000000000001,"train/loss":1.2711669921875,"fold_4/class_10_f1":0.9500000000000001,"fold_4/batch_step":360,"system/gpu_memory_used_gb":0.38036224,"fold_info/fold_number":4,"fold_summary/final_train_f1":0.814783059512739,"fold_4/class_13_f1":0.967741935483871,"fold_4/class_1_f1":1,"train/f1":0.814783059512739,"val/f1":0.8985923803916364,"fold_4/class_8_f1":1,"fold_4/class_5_f1":1,"fold_4/class_3_f1":0.6046511627906976,"fold_summary/best_val_f1":0.8985923803916364,"best_performance/val_acc":0.910828025477707,"fold_info/train_ratio":0.8,"fold_info/train_samples":1256,"train/accuracy":0.8144904458598726,"fold_4/class_0_f1":1,"fold_summary/improvement":0,"_timestamp":1.7569537784462254e+09,"fold_4/class_9_f1":1,"fold_4/class_14_f1":0.47058823529411764,"learning_rate":1.2235870926211617e-05,"val/accuracy":0.910828025477707}