{"system/gpu_memory_total_gb":25.435242496,"train/accuracy":0.8351910828025477,"optimizer/lr":0.00017274575140626317,"fold_3/mixup_applied":1,"fold_info/train_samples":1256,"train/loss":1.296923828125,"fold_info/fold_number":3,"val/accuracy":0.910828025477707,"fold_summary/epochs_trained":7,"learning_rate":0.00017274575140626317,"system/gpu_memory_used_gb":0.330098688,"fold_info/val_samples":314,"early_stopping/epoch":7,"fold":3,"_wandb":{"runtime":78},"fold_summary/best_val_f1":0.9028386149051068,"system/gpu_utilization_pct":1.2978004359577542,"fold_3/train_batch_loss":1.89453125,"train/f1":0.8280081387569785,"fold_info/train_ratio":0.8,"best_performance/epoch":4,"fold_summary/improvement":0.008566809872899928,"fold_summary/early_stopped":true,"best_performance/val_f1":0.9028386149051068,"val/f1":0.8942718050322068,"best_performance/val_acc":0.910828025477707,"best_performance/val_loss":1.244413137435913,"epoch":7,"val/loss":1.2103730320930481,"fold_info/val_ratio":0.2,"_timestamp":1.7569536651551015e+09,"fold_summary/final_train_f1":0.8280081387569785,"_step":20,"_runtime":78,"fold_3/batch_step":240}