{"fold_summary/improvement":0.009278275230654165,"fold_summary/epochs_trained":8,"best_performance/val_acc":0.9235668789808917,"train/accuracy":0.8017515923566879,"_wandb":{"runtime":96},"system/gpu_memory_total_gb":25.435242496,"system/gpu_memory_used_gb":0.237687808,"val/accuracy":0.9203821656050956,"fold":1,"fold_1/train_batch_loss":1.134765625,"best_performance/val_loss":1.2063820838928223,"train/f1":0.8004902115954194,"system/gpu_utilization_pct":0.9344821777790373,"fold_info/train_ratio":0.8,"fold_info/val_samples":314,"_step":22,"learning_rate":0.00010305368692688175,"_timestamp":1.7569563566636767e+09,"fold_summary/early_stopped":true,"fold_1/mixup_applied":0,"fold_info/val_ratio":0.2,"early_stopping/epoch":8,"fold_info/train_samples":1256,"train/loss":1.30947265625,"val/f1":0.9066244848308562,"best_performance/epoch":5,"optimizer/lr":0.00010305368692688175,"_runtime":96,"fold_summary/final_train_f1":0.8004902115954194,"fold_summary/best_val_f1":0.9159027600615104,"fold_info/fold_number":1,"fold_1/batch_step":280,"best_performance/val_f1":0.9159027600615104,"val/loss":1.175271248817444,"epoch":8}