{"best_performance/val_loss":1.194096529483795,"fold_3/class_6_f1":1,"system/gpu_memory_used_gb":0.334744576,"fold_summary/best_val_f1":0.9149504516919489,"fold_3/class_7_f1":0.6470588235294117,"fold_summary/epochs_trained":10,"fold_3/class_8_f1":1,"val/loss":1.1900968074798584,"fold_3/class_12_f1":0.9743589743589743,"fold_3/class_2_f1":1,"fold_3/class_9_f1":1,"learning_rate":1.2235870926211617e-05,"fold_3/class_15_f1":1,"fold_3/class_3_f1":0.6938775510204082,"fold_3/class_16_f1":1,"fold_info/train_ratio":0.8,"best_performance/epoch":9,"fold_info/train_samples":1256,"train/accuracy":0.8288216560509554,"fold_3/train_batch_loss":1.1396484375,"val/accuracy":0.9299363057324841,"_runtime":110,"fold_3/class_11_f1":0.9500000000000001,"fold_summary/improvement":0.005532772649949558,"fold_summary/final_train_f1":0.8269291127159436,"optimizer/lr":1.2235870926211617e-05,"fold_3/class_0_f1":1,"fold_3/class_5_f1":1,"fold_3/class_13_f1":1,"epoch":10,"fold_3/class_14_f1":0.33333333333333337,"fold_3/class_10_f1":0.9523809523809523,"fold_3/class_1_f1":1,"system/gpu_memory_total_gb":25.435242496,"fold":3,"train/loss":1.2552001953125,"fold_3/mixup_applied":0,"val/f1":0.9094176790419993,"system/gpu_utilization_pct":1.3160659901419953,"_timestamp":1.7569565800200984e+09,"best_performance/val_acc":0.9363057324840764,"fold_3/batch_step":360,"fold_summary/early_stopped":false,"train/f1":0.8269291127159436,"fold_info/fold_number":3,"fold_3/class_4_f1":0.9090909090909091,"_step":47,"best_performance/val_f1":0.9149504516919489,"_wandb":{"runtime":110},"fold_info/val_samples":314,"fold_info/val_ratio":0.2,"fold_3/confusion_matrix_table":{"_latest_artifact_path":"wandb-client-artifact://k2bthdyk18vh6ae9ljff1rnb7fpcptu9jk9iq6fan2xjimnpdd8w8osmmrarygn6rf2xjy0rwiln1a4xr3zajnjwv6a0h02xk4op4rdlwx6wlhl7mi8tloycu2fbokkz:latest/fold_3/confusion_matrix_table.table.json","log_mode":"IMMUTABLE","path":"media/table/fold_3/confusion_matrix_table_28_2e2d6b61a888fecbeb32.table.json","nrows":289,"sha256":"2e2d6b61a888fecbeb32a690fa16883c9382553f4c7a252c6904678507d59402","size":8696,"artifact_path":"wandb-client-artifact://pqms24195x8jf7svxshxcldvkii24ioadnrlv8ooozrgjvaqpdc3ux72gb4e6lf8fv012u2x2moht101pn3kpt1hmcf1e9e1mivxev6p2rnmv1rhqwqiwvfsjja7nqhc/fold_3/confusion_matrix_table.table.json","ncols":3,"_type":"table-file"}}