{"system/gpu_memory_used_gb":0.380708864,"train/f1":0.8702410701626146,"fold_summary/early_stopped":true,"best_performance/val_f1":0.9104302854530225,"fold_info/val_ratio":0.2,"train/accuracy":0.8757961783439491,"fold_summary/final_train_f1":0.8702410701626146,"val/f1":0.9100674187868153,"fold":4,"fold_info/val_samples":314,"_runtime":98,"learning_rate":4.774575140626317e-05,"fold_4/mixup_applied":1,"_step":25,"fold_info/train_ratio":0.8,"train/loss":1.3090576171875,"best_performance/val_loss":1.21412855386734,"fold_summary/improvement":0.00036286666620721775,"fold_summary/best_val_f1":0.9104302854530225,"optimizer/lr":4.774575140626317e-05,"system/gpu_utilization_pct":1.4967770173996613,"val/accuracy":0.9267515923566879,"fold_summary/epochs_trained":9,"fold_4/train_batch_loss":1.7265625,"best_performance/epoch":6,"early_stopping/epoch":9,"_wandb":{"runtime":98},"system/gpu_memory_total_gb":25.435242496,"epoch":9,"_timestamp":1.7569566809546745e+09,"fold_4/batch_step":320,"fold_info/train_samples":1256,"fold_info/fold_number":4,"val/loss":1.196329665184021,"best_performance/val_acc":0.9267515923566879}