{
  "0": 1.0,
  "1": 2.1739130434782608,
  "2": 1.0,
  "3": 1.0,
  "4": 1.0,
  "5": 1.0,
  "6": 1.0,
  "7": 1.0,
  "8": 1.0,
  "9": 1.0,
  "10": 1.0,
  "11": 1.0,
  "12": 1.0,
  "13": 1.3513513513513513,
  "14": 2.0,
  "15": 1.0,
  "16": 1.0
}