{"_runtime":578,"train/epoch":1,"train/step":20,"_timestamp":1.7573880119020426e+09,"_step":1,"train/batch_loss":2.159442663192749,"train/learning_rate":0.0001,"_wandb":{"runtime":578}}