{"_timestamp":1.757236997390967e+09,"_step":0,"train/batch_loss":1.874770164489746,"train/learning_rate":0.000255305625535095,"_wandb":{"runtime":216},"_runtime":216,"train/epoch":1,"train/step":10}