{"fold_2/class_5_f1":1,"_step":48,"_wandb":{"runtime":110},"system/gpu_memory_total_gb":25.435242496,"fold_summary/epochs_trained":10,"_timestamp":1.7569528029545186e+09,"fold_2/mixup_applied":0,"best_performance/val_f1":0.9287849784411404,"fold_2/class_13_f1":0.9655172413793104,"best_performance/val_loss":1.1745538115501404,"fold_2/batch_step":360,"val/accuracy":0.9267515923566879,"fold_summary/early_stopped":false,"fold_2/class_0_f1":1,"fold_info/train_ratio":0.8,"fold_2/train_batch_loss":1.1396484375,"fold_2/class_14_f1":0.8000000000000002,"learning_rate":1.2235870926211617e-05,"fold_2/class_7_f1":0.6153846153846154,"fold_2/class_12_f1":0.9743589743589743,"optimizer/lr":1.2235870926211617e-05,"fold_2/class_4_f1":0.9268292682926829,"fold_2/class_10_f1":0.9500000000000001,"best_performance/val_acc":0.9331210191082803,"val/f1":0.9228949775311288,"epoch":10,"fold_summary/improvement":0.0058900009100115724,"fold_info/fold_number":2,"train/loss":1.25185546875,"train/f1":0.8813967400600076,"_runtime":110,"fold_2/class_16_f1":1,"fold_2/confusion_matrix_table":{"_latest_artifact_path":"wandb-client-artifact://7m60hzw8aasmdo31opa94vuqsf05735eyju4fymofdu8qrocltv6nuav86pkumo12e0z4ujm45vvphbrncwabcf66iagtbirericzbn5yo70ruwebnqdo4mrl22p3361:latest/fold_2/confusion_matrix_table.table.json","_type":"table-file","ncols":3,"artifact_path":"wandb-client-artifact://7d1636p72zzazwq3aetf18s6i27i5gs82no4p3o37ptvcyvxsewmp9ovd72q3i6to1mh562trqwk8lor9ioecrfdog31mkrv0tpmlh1h7j0mrx5itvub5c2r5wks2gjb/fold_2/confusion_matrix_table.table.json","sha256":"c700973ed146132905e3f572a0037b46544d391ba3459fc81ae61991639dee68","nrows":289,"log_mode":"IMMUTABLE","size":8696,"path":"media/table/fold_2/confusion_matrix_table_29_c700973ed146132905e3.table.json"},"system/gpu_utilization_pct":1.137633628008482,"fold_2/class_6_f1":0.975609756097561,"fold_2/class_1_f1":0.9,"fold_summary/final_train_f1":0.8813967400600076,"fold_2/class_11_f1":0.9473684210526316,"fold_2/class_3_f1":0.6341463414634146,"best_performance/epoch":9,"fold_2/class_2_f1":1,"fold_info/val_samples":314,"system/gpu_memory_used_gb":0.289359872,"fold_summary/best_val_f1":0.9287849784411404,"val/loss":1.172651219367981,"fold_2/class_8_f1":1,"fold_2/class_9_f1":1,"fold_info/val_ratio":0.2,"fold_2/class_15_f1":1,"train/accuracy":0.8829617834394905,"fold_info/train_samples":1256,"fold":2}