{"_wandb":{"runtime":43},"val/f1":0.8524005214694635,"best_f1":0.8524005214694635,"train/learning_rate":5.670688032790378e-05,"train/loss":0.8398379907486545,"val/loss":0.29840128721704906,"train/batch_loss":0.17777195572853088,"fold":0,"train/step":70,"_step":26,"train/epoch":3,"_runtime":43,"_timestamp":1.7573914985391757e+09,"val/epoch":3,"epoch":3}