{"best_f1":0.007044734061289186,"train/learning_rate":6.317396245894276e-05,"_wandb":{"runtime":206},"train/step":40,"val/loss":2.812468981287282,"_step":89,"_timestamp":1.7572329990239344e+09,"fold":3,"val/f1":0.007044734061289186,"train/loss":2.813476416715391,"_runtime":206,"train/epoch":15,"epoch":15,"val/epoch":15,"train/batch_loss":2.764404296875}