{"fold_1/class_2_f1":1,"fold_1/class_8_f1":1,"system/gpu_utilization_pct":0.9499295948839378,"val/accuracy":0.9363057324840764,"fold":1,"best_performance/val_loss":1.1647157073020935,"fold_1/class_9_f1":1,"fold_summary/epochs_trained":10,"val/loss":1.1647157073020935,"fold_info/val_ratio":0.2,"fold_info/train_samples":1256,"fold_summary/best_val_f1":0.9318183405554374,"_wandb":{"runtime":120},"_runtime":120,"fold_1/class_10_f1":0.975609756097561,"_timestamp":1.7569526880742283e+09,"fold_1/batch_step":360,"fold_1/class_16_f1":1,"fold_1/class_4_f1":0.8292682926829269,"fold_1/mixup_applied":0,"fold_1/confusion_matrix_table":{"sha256":"2648286e5933298f129519b546f89f007693d85298101866ec12903ef1085285","path":"media/table/fold_1/confusion_matrix_table_26_2648286e5933298f1295.table.json","nrows":289,"size":8696,"log_mode":"IMMUTABLE","ncols":3,"artifact_path":"wandb-client-artifact://qac4o116dbuh9c0kg6vrjj4ytopuuwblov4ngem7pxast09z9vl6tpwu3v44h4l5ljbv9bw0496r7azrsi4tg7n3762xsgwi1b63p6685xhi8h4gd1q18b8jlrz8bsjo/fold_1/confusion_matrix_table.table.json","_latest_artifact_path":"wandb-client-artifact://d7ztz6dxzyt34kyaifpb7whtrz7qaddxud4wt0rtkc2bqcudru53rvz65vyc1rdyv1h0c38v4ftvht2u6g7slrdqlnx3eakymmm0wbvkwnlfs94j9d5brwttl8c7ffwb:latest/fold_1/confusion_matrix_table.table.json","_type":"table-file"},"train/loss":1.2171875,"fold_1/class_7_f1":0.7317073170731706,"fold_1/class_13_f1":0.9655172413793104,"best_performance/val_acc":0.9363057324840764,"fold_1/train_batch_loss":1.166015625,"fold_summary/early_stopped":false,"fold_1/class_5_f1":1,"train/f1":0.8817096746892727,"learning_rate":1.2235870926211617e-05,"optimizer/lr":1.2235870926211617e-05,"train/accuracy":0.8869426751592356,"fold_1/class_6_f1":1,"fold_summary/improvement":0,"fold_1/class_0_f1":1,"fold_1/class_12_f1":1,"system/gpu_memory_total_gb":25.435242496,"system/gpu_memory_used_gb":0.241616896,"best_performance/epoch":10,"fold_summary/final_train_f1":0.8817096746892727,"fold_1/class_15_f1":1,"fold_info/val_samples":314,"_step":46,"epoch":10,"fold_1/class_14_f1":0.7058823529411764,"fold_info/train_ratio":0.8,"fold_1/class_11_f1":0.9500000000000001,"best_performance/val_f1":0.9318183405554374,"fold_1/class_1_f1":1,"fold_info/fold_number":1,"fold_1/class_3_f1":0.6829268292682926,"val/f1":0.9318183405554374}