{"fold_2/mixup_applied":0,"fold_2/class_10_f1":0.9743589743589743,"fold_2/class_12_f1":0.9743589743589743,"fold_2/class_7_f1":0.5714285714285715,"fold_summary/improvement":0.009507009658208498,"optimizer/lr":1.2235870926211617e-05,"val/accuracy":0.9331210191082803,"fold_summary/final_train_f1":0.7946726343210291,"best_performance/val_acc":0.9426751592356688,"best_performance/epoch":9,"best_performance/val_f1":0.9430663403063917,"fold_2/class_5_f1":1,"fold_info/train_ratio":0.8,"fold_2/class_16_f1":1,"fold_2/confusion_matrix_table":{"_type":"table-file","artifact_path":"wandb-client-artifact://e2c75gkonztkjwf1oor61xlbsynv8ejc7xacj73o702rl1dk8m1063s3f0hboydvfeatwkv297472nepc9nmag6i625upl6x6q4vhdtr4fpz81p6g77166x57lgb2yph/fold_2/confusion_matrix_table.table.json","_latest_artifact_path":"wandb-client-artifact://nt7m9aji6wzs5k7cfc1i8b0t8udjxobfbb6p4xurzvh0ngzium6ye01q4ceyjq886931hykojti4u8jkh1mu03mfpiw8juofdn7586lragxvmgglbmhsa2ywai8cs7yp:latest/fold_2/confusion_matrix_table.table.json","ncols":3,"log_mode":"IMMUTABLE","sha256":"d1ed80fcfe9cbb08fd6296e64263a27874305d247d9e055536e27656345ba77e","path":"media/table/fold_2/confusion_matrix_table_27_d1ed80fcfe9cbb08fd62.table.json","nrows":289,"size":8696},"system/gpu_utilization_pct":1.1194948899928112,"fold_info/train_samples":1256,"fold_2/class_2_f1":1,"_step":46,"train/f1":0.7946726343210291,"_runtime":108,"fold_2/class_6_f1":0.975609756097561,"best_performance/val_loss":1.183733057975769,"fold_2/class_9_f1":1,"learning_rate":1.2235870926211617e-05,"epoch":10,"system/gpu_memory_used_gb":0.28474624,"train/loss":1.3388916015625,"fold_info/fold_number":2,"fold_2/class_4_f1":0.9090909090909091,"fold_2/class_8_f1":1,"system/gpu_memory_total_gb":25.435242496,"fold_2/class_3_f1":0.6511627906976744,"fold_2/class_1_f1":1,"fold_2/class_14_f1":0.888888888888889,"fold_summary/early_stopped":false,"fold_2/batch_step":360,"train/accuracy":0.7961783439490446,"_timestamp":1.75695646676489e+09,"val/f1":0.9335593306481832,"fold_2/class_15_f1":1,"fold_summary/best_val_f1":0.9430663403063917,"fold_2/train_batch_loss":1.1142578125,"_wandb":{"runtime":108},"fold_info/val_samples":314,"fold":2,"fold_2/class_0_f1":0.975609756097561,"fold_2/class_13_f1":1,"fold_summary/epochs_trained":10,"fold_2/class_11_f1":0.9500000000000001,"fold_info/val_ratio":0.2,"val/loss":1.1814170241355897}