{"train/loss":1.32265625,"fold_5/class_1_f1":1,"fold_5/class_0_f1":1,"fold_5/class_3_f1":0.45161290322580644,"fold_5/class_5_f1":1,"fold_5/class_16_f1":1,"fold_summary/final_train_f1":0.8197801226769359,"fold_summary/epochs_trained":10,"fold_5/class_6_f1":1,"fold_summary/improvement":0.006261049105876548,"val/f1":0.8993218504705291,"system/gpu_memory_used_gb":0.426755584,"fold_info/val_ratio":0.2,"fold":5,"fold_5/class_7_f1":0.553191489361702,"_step":46,"fold_5/class_2_f1":1,"train/f1":0.8197801226769359,"fold_info/train_samples":1256,"fold_5/train_batch_loss":2.02734375,"fold_5/mixup_applied":1,"fold_5/class_12_f1":1,"best_performance/epoch":9,"fold_summary/best_val_f1":0.9055828995764057,"best_performance/val_acc":0.9140127388535032,"fold_5/class_13_f1":0.9655172413793104,"val/accuracy":0.9076433121019108,"fold_5/class_15_f1":1,"_runtime":112,"system/gpu_memory_total_gb":25.435242496,"learning_rate":1.2235870926211617e-05,"train/accuracy":0.8240445859872612,"fold_5/class_8_f1":1,"fold_5/class_14_f1":0.588235294117647,"fold_info/train_ratio":0.8,"fold_5/class_4_f1":0.7555555555555556,"best_performance/val_f1":0.9055828995764057,"system/gpu_utilization_pct":1.6778121304214515,"fold_5/class_9_f1":1,"optimizer/lr":1.2235870926211617e-05,"_timestamp":1.7569538948862052e+09,"fold_info/fold_number":5,"fold_5/class_10_f1":1,"val/loss":1.2214015007019043,"fold_summary/early_stopped":false,"fold_info/val_samples":314,"_wandb":{"runtime":112},"best_performance/val_loss":1.2249854326248169,"epoch":10,"fold_5/confusion_matrix_table":{"ncols":3,"_type":"table-file","size":8697,"artifact_path":"wandb-client-artifact://rrjy4henxrs692fx6yskhckdu7vozbmao5mgz7a0wkzzyx38w95d70cxkntyj7n2yk0kdv1ixeptu64oqrf1lz4a1l357s4105k4xg4dlqxh27bgtp7yl0z8pvz7gsfj/fold_5/confusion_matrix_table.table.json","sha256":"028d4ff031bd48714813383c1c20b69c0648cfa88144a78419c3e25c59005a38","nrows":289,"_latest_artifact_path":"wandb-client-artifact://0b36tsuan0mrt2dr2jvpngn9ach7lbapy4dry7zn8di9ue0vr5hotiggo4sds8k49283jmsx2nurpraa2ev1x13w3dbkuz81hkd8pkjcmsar0012j2btiz9zj7i1kucd:latest/fold_5/confusion_matrix_table.table.json","path":"media/table/fold_5/confusion_matrix_table_27_028d4ff031bd48714813.table.json","log_mode":"IMMUTABLE"},"fold_5/batch_step":360,"fold_5/class_11_f1":0.9743589743589743}