{"val/f1":0.007044734061289186,"val/epoch":15,"_runtime":205,"val/loss":2.812877392313283,"_step":89,"best_f1":0.007044734061289186,"train/loss":2.8169222364000452,"_timestamp":1.7572323478003168e+09,"train/epoch":15,"_wandb":{"runtime":205},"fold":0,"epoch":15,"train/step":40,"train/learning_rate":6.317396245894276e-05,"train/batch_loss":2.83837890625}