{"train/loss":0.462102985685798,"train/learning_rate":1.4396064858185543e-06,"_runtime":5684,"best_f1":0.9374951979659805,"fold":0,"train/step":20,"val/epoch":15,"_step":59,"_wandb":{"runtime":5684},"_timestamp":1.7572428571182945e+09,"train/batch_loss":1.1646547317504883,"epoch":15,"val/f1":0.9354152038869223,"val/loss":0.20584601704861707,"train/epoch":15}