{"fold_summary/epochs_trained":9,"fold_4/train_batch_loss":1.73046875,"fold_info/val_samples":314,"fold_info/train_samples":1256,"fold_summary/improvement":0.010140775879867503,"fold_summary/final_train_f1":0.8724874556176677,"fold_4/batch_step":320,"fold":4,"train/loss":1.315087890625,"system/gpu_memory_total_gb":25.435242496,"fold_summary/best_val_f1":0.9127920600522796,"val/f1":0.9026512841724121,"fold_info/val_ratio":0.2,"epoch":9,"optimizer/lr":4.774575140626317e-05,"_runtime":99,"early_stopping/epoch":9,"fold_info/train_ratio":0.8,"val/accuracy":0.9203821656050956,"train/f1":0.8724874556176677,"best_performance/val_f1":0.9127920600522796,"_step":26,"train/accuracy":0.8789808917197452,"_timestamp":1.7569529954653027e+09,"best_performance/val_loss":1.2150468230247498,"_wandb":{"runtime":99},"system/gpu_memory_used_gb":0.384384,"fold_info/fold_number":4,"fold_4/mixup_applied":1,"fold_summary/early_stopped":true,"best_performance/val_acc":0.9299363057324841,"best_performance/epoch":6,"learning_rate":4.774575140626317e-05,"val/loss":1.192388379573822,"system/gpu_utilization_pct":1.5112260087964524}