{"_wandb":{"runtime":20},"_runtime":20,"_step":9,"val/epoch":1,"_timestamp":1.7572690889991577e+09,"epoch":1,"fold":0,"train/step":20,"train/epoch":2,"best_f1":0.006970113000316823,"train/learning_rate":0.00412650711234005,"train/batch_loss":3.0187625885009766,"val/loss":3.1839053612628967,"val/f1":0.006970113000316823,"train/loss":4.113312639652201}