{"train/batch_loss":0.19058170914649963,"val/f1":0.9298635216922018,"_step":79,"_timestamp":1.7574430321462379e+09,"train/step":20,"val/loss":0.17811038776947435,"fold":2,"best_f1":0.9325035300561643,"epoch":20,"_runtime":4734,"train/loss":0.5261842082640168,"train/epoch":20,"val/epoch":20,"_wandb":{"runtime":4734},"train/learning_rate":2.161695044985195e-06}