{"train/step":10,"_timestamp":1.757475497596419e+09,"_step":0,"train/batch_loss":1.952859878540039,"_wandb":{"runtime":38},"_runtime":38,"train/learning_rate":0.00011569138321155006,"train/epoch":1}