{"_step":6,"train/batch_loss":2.5710320472717285,"train/learning_rate":0.0006072286584422389,"train/epoch":1,"train/step":70,"_timestamp":1.7574828308288436e+09,"_wandb":{"runtime":10},"_runtime":10}