{"best_performance/val_acc":0.9044585987261147,"_step":24,"fold_1/batch_step":320,"val/accuracy":0.8980891719745223,"_wandb":{"runtime":99},"fold_summary/epochs_trained":9,"_runtime":99,"best_performance/val_loss":1.21734379529953,"fold_1/mixup_applied":0,"best_performance/epoch":6,"fold_info/train_ratio":0.8,"train/loss":1.3016357421875,"learning_rate":4.774575140626317e-05,"optimizer/lr":4.774575140626317e-05,"fold_summary/early_stopped":true,"train/f1":0.7864514611119382,"best_performance/val_f1":0.898605718803619,"val/f1":0.8923064366285203,"early_stopping/epoch":9,"system/gpu_memory_total_gb":25.435242496,"fold_summary/best_val_f1":0.898605718803619,"fold_info/train_samples":1256,"fold_info/fold_number":1,"system/gpu_utilization_pct":0.957572785234121,"fold_info/val_samples":314,"fold":1,"train/accuracy":0.7882165605095541,"fold_summary/improvement":0.006299282175098675,"fold_1/train_batch_loss":1.1337890625,"fold_summary/final_train_f1":0.7864514611119382,"fold_info/val_ratio":0.2,"epoch":9,"_timestamp":1.7569534692559726e+09,"val/loss":1.2031702876091004,"system/gpu_memory_used_gb":0.24356096}