{"fold_5/class_12_f1":0.9500000000000001,"_wandb":{"runtime":110},"fold_5/class_3_f1":0.35714285714285715,"system/gpu_memory_total_gb":25.435242496,"fold_5/class_11_f1":0.9500000000000001,"fold_5/class_7_f1":0.5306122448979592,"best_performance/val_f1":0.8965411659438368,"epoch":10,"best_performance/val_acc":0.9076433121019108,"_timestamp":1.7569567929490302e+09,"learning_rate":1.2235870926211617e-05,"fold_5/mixup_applied":1,"fold_5/class_4_f1":0.8780487804878048,"train/f1":0.7543813138411026,"fold_info/val_samples":314,"fold_summary/final_train_f1":0.7543813138411026,"fold_5/confusion_matrix_table":{"artifact_path":"wandb-client-artifact://8cnrml5rg9rgruv8usch4pybcr405isrjts5ok2jhi3jq9kacy27u0qvlp1qbwpflw0ezueqy1ldp0zwx49sd0mpxd6vyplqz1du4aia5gpzxam09h4co3dsn8ur58r5/fold_5/confusion_matrix_table.table.json","_type":"table-file","sha256":"a0150485433b5ec5928533bc0b8b1f934bf818a5614fadb4e6a9095b50520bff","path":"media/table/fold_5/confusion_matrix_table_27_a0150485433b5ec59285.table.json","nrows":289,"size":8696,"log_mode":"IMMUTABLE","_latest_artifact_path":"wandb-client-artifact://ikc86ttn9c00qge62izaysko2y5c2j0pc11jptu3orhajlsrcop75akllnztheuseu5xzjzczai800xbxfffo49y42ug5wx0ufi4skm5zejt0blsi3w85q0olb2e09z9:latest/fold_5/confusion_matrix_table.table.json","ncols":3},"fold":5,"fold_5/class_14_f1":0.5714285714285713,"val/loss":1.204232895374298,"fold_5/class_0_f1":0.975609756097561,"best_performance/epoch":9,"fold_5/class_15_f1":1,"fold_info/train_samples":1256,"train/accuracy":0.7603503184713376,"system/gpu_utilization_pct":1.6686370812731408,"fold_5/class_16_f1":1,"fold_5/class_2_f1":1,"fold_5/class_5_f1":1,"fold_summary/best_val_f1":0.8965411659438368,"optimizer/lr":1.2235870926211617e-05,"val/f1":0.8861406950456692,"_runtime":110,"fold_summary/epochs_trained":10,"fold_5/class_1_f1":0.9473684210526316,"fold_5/train_batch_loss":1.80859375,"fold_5/class_13_f1":0.9285714285714286,"train/loss":1.3393310546875,"best_performance/val_loss":1.205443274974823,"system/gpu_memory_used_gb":0.424421888,"fold_info/fold_number":5,"fold_summary/early_stopped":false,"fold_5/batch_step":360,"fold_5/class_10_f1":0.975609756097561,"fold_info/val_ratio":0.2,"fold_summary/improvement":0.010400470898167646,"fold_5/class_8_f1":1,"val/accuracy":0.8980891719745223,"fold_info/train_ratio":0.8,"fold_5/class_9_f1":1,"fold_5/class_6_f1":1,"_step":46}