{"best_f1":0.9556845954498774,"_wandb":{"runtime":20086},"val/epoch":100,"_timestamp":1.7575675321783965e+09,"train/loss":0.3382533761141762,"val/loss":0.18299955015729188,"train/epoch":100,"fold":0,"_runtime":20086,"train/learning_rate":1.0252545429325702e-06,"_step":299,"epoch":100,"val/f1":0.9423626882320316,"train/batch_loss":0.6789052486419678,"train/step":10}