{"fold_2/class_1_f1":1,"fold_summary/final_train_f1":0.8414210777931102,"_wandb":{"runtime":111},"fold_info/val_ratio":0.2,"fold_summary/epochs_trained":10,"train/loss":1.2915283203125,"optimizer/lr":1.2235870926211617e-05,"fold_2/train_batch_loss":1.119140625,"fold_summary/best_val_f1":0.9017344862202838,"fold_2/class_5_f1":1,"system/gpu_memory_total_gb":25.435242496,"epoch":10,"best_performance/epoch":7,"fold_summary/improvement":0.003998812838986399,"fold_2/class_3_f1":0.6111111111111112,"fold_2/confusion_matrix_table":{"nrows":289,"_type":"table-file","sha256":"93f28c2663bc23fcb368c787be55fc6234fe93090478780350ebbcb80c04937f","ncols":3,"artifact_path":"wandb-client-artifact://eytsp0gde59cf0me05fen5i25spitceoj38k3bw7mouxfp209nkd7rz9qpjkajohvv98geqbp3dio2yjedcw56wnluvxhbrdvd5vkfa414ynhzvzn60avt64qh3cvhi7/fold_2/confusion_matrix_table.table.json","log_mode":"IMMUTABLE","path":"media/table/fold_2/confusion_matrix_table_26_93f28c2663bc23fcb368.table.json","_latest_artifact_path":"wandb-client-artifact://pmqkj7httuikhlsepds5xbl2viw589aqtiijrubkhd12quioscfewot8g8iiixmi8zpfx7imwecirfcht5l8vmg44tlnnepn9yprbnrjjdyh80hac0h3121dtv92pmto:latest/fold_2/confusion_matrix_table.table.json","size":8696},"_step":46,"fold_2/class_16_f1":1,"fold_2/class_14_f1":0.4,"fold_summary/early_stopped":true,"best_performance/val_loss":1.2205146193504333,"train/f1":0.8414210777931102,"fold_2/class_10_f1":0.9743589743589743,"best_performance/val_acc":0.9140127388535032,"system/gpu_memory_used_gb":0.28747776,"fold_info/fold_number":2,"fold_info/train_ratio":0.8,"fold_2/class_13_f1":0.9333333333333333,"fold":2,"fold_2/class_4_f1":0.975609756097561,"system/gpu_utilization_pct":1.1302340052201563,"fold_2/class_7_f1":0.5416666666666667,"fold_2/class_2_f1":1,"fold_info/train_samples":1256,"fold_2/class_15_f1":1,"fold_2/class_0_f1":0.975609756097561,"fold_2/class_6_f1":0.9523809523809523,"_timestamp":1.7569535830228257e+09,"val/f1":0.8977356733812974,"val/loss":1.2067248940467834,"fold_2/class_9_f1":1,"val/accuracy":0.910828025477707,"fold_2/class_8_f1":1,"train/accuracy":0.8455414012738853,"early_stopping/epoch":10,"best_performance/val_f1":0.9017344862202838,"fold_2/class_11_f1":0.9230769230769231,"_runtime":111,"fold_info/val_samples":314,"learning_rate":1.2235870926211617e-05,"fold_2/mixup_applied":0,"fold_2/batch_step":360,"fold_2/class_12_f1":0.9743589743589743}