{"best_performance/epoch":5,"train/accuracy":0.8288216560509554,"fold_summary/best_val_f1":0.9170149673377793,"_step":23,"epoch":8,"system/gpu_utilization_pct":1.3255369436836366,"val/accuracy":0.9203821656050956,"train/loss":1.273388671875,"_runtime":88,"best_performance/val_loss":1.2176737666130066,"val/loss":1.1824811339378356,"fold_info/train_samples":1256,"fold_summary/early_stopped":true,"_timestamp":1.756952893977161e+09,"system/gpu_memory_used_gb":0.337153536,"optimizer/lr":0.00010305368692688175,"fold_summary/improvement":0.011066553716731375,"fold_info/val_samples":314,"_wandb":{"runtime":88},"val/f1":0.9059484136210479,"fold_summary/epochs_trained":8,"learning_rate":0.00010305368692688175,"fold_3/batch_step":280,"fold_summary/final_train_f1":0.8248114811849733,"best_performance/val_acc":0.9235668789808917,"train/f1":0.8248114811849733,"fold_3/mixup_applied":0,"fold_3/train_batch_loss":1.177734375,"early_stopping/epoch":8,"fold":3,"fold_info/fold_number":3,"best_performance/val_f1":0.9170149673377793,"system/gpu_memory_total_gb":25.435242496,"fold_info/val_ratio":0.2,"fold_info/train_ratio":0.8}