{"val/loss":0.2931146640686472,"train/epoch":5,"train/learning_rate":9.549150281252631e-06,"best_f1":0.8764438133178587,"val/f1":0.8764438133178587,"_timestamp":1.7573873937207737e+09,"epoch":5,"_wandb":{"runtime":2110},"train/batch_loss":1.4004020690917969,"_runtime":2110,"val/epoch":5,"fold":0,"_step":19,"train/loss":0.8973718828456417,"train/step":20}